{"cameraMode":{"drawMode":0,"name":"Shaded","section":"Shading Mode"},"sceneLighting":true,"audioPlay":false,"sceneViewState":{"showFog":true,"showMaterialUpdate":false,"showSkybox":true,"showFlares":true,"showImageEffects":true,"showParticleSystems":true},"in2DMode":false,"pivot":{"x":4.080927848815918,"y":3.8248729705810549,"z":2.66450572013855},"rotation":{"x":0.17657743394374848,"y":-0.6820077300071716,"z":0.1751212328672409,"w":0.6877872943878174},"size":0.5392149686813355,"orthographic":false}